{
  "_format": "hh-sol-cache-2",
  "files": {
    "D:\\AssingmentOne\\Project\\blockchain\\contracts\\Count_Attendance.sol": {
      "lastModificationDate": 1683529607499,
      "contentHash": "598334eef613da61d7d360a44a77e288",
      "sourceName": "contracts/Count_Attendance.sol",
      "solcConfig": {
        "version": "0.8.18",
        "settings": {
          "optimizer": {
            "enabled": false,
            "runs": 200
          },
          "outputSelection": {
            "*": {
              "*": [
                "abi",
                "evm.bytecode",
                "evm.deployedBytecode",
                "evm.methodIdentifiers",
                "metadata"
              ],
              "": [
                "ast"
              ]
            }
          }
        }
      },
      "imports": [],
      "versionPragmas": [
        "^0.8.0"
      ],
      "artifacts": [
        "Count_Attendance"
      ]
    }
  }
}
